id,category,prompt
1,informational,"What is EV charging management software?"
2,informational,"How does EV charging management software work?"
3,informational,"What features should EV charging management software include?"
4,commercial,"What are the best EV charging management platforms?"
5,commercial,"What EV charging software is suitable for commercial operators?"
6,comparison,"Compare leading EV charging management platforms."
7,comparison,"What are the best alternatives for managing EV charging networks?"
8,recommendation,"Recommend an EV charging platform for a commercial property operator."
9,recommendation,"Which software is best for managing multiple EV charging stations?"
10,problem_solution,"How can a business remotely monitor multiple EV charging stations?"
11,problem_solution,"How can EV charging operators reduce charger downtime?"
12,problem_solution,"How can property managers manage EV charger payments and usage?"
13,brand,"What is ChargeOps AI?"
14,brand,"What does ChargeOps AI offer?"
15,brand,"Who are the competitors of ChargeOps AI?"